[
{
   "model": "contenttypes.contenttype",
   "pk": 1,
   "fields": {
      "app_label": "admin",
      "model": "logentry"
   }
},
{
   "model": "contenttypes.contenttype",
   "pk": 2,
   "fields": {
      "app_label": "auth",
      "model": "permission"
   }
},
{
   "model": "contenttypes.contenttype",
   "pk": 3,
   "fields": {
      "app_label": "auth",
      "model": "group"
   }
},
{
   "model": "contenttypes.contenttype",
   "pk": 4,
   "fields": {
      "app_label": "auth",
      "model": "user"
   }
},
{
   "model": "contenttypes.contenttype",
   "pk": 5,
   "fields": {
      "app_label": "contenttypes",
      "model": "contenttype"
   }
},
{
   "model": "contenttypes.contenttype",
   "pk": 6,
   "fields": {
      "app_label": "sessions",
      "model": "session"
   }
},
{
   "model": "contenttypes.contenttype",
   "pk": 7,
   "fields": {
      "app_label": "landing",
      "model": "subscriber"
   }
},
{
   "model": "contenttypes.contenttype",
   "pk": 8,
   "fields": {
      "app_label": "products",
      "model": "productimage"
   }
},
{
   "model": "contenttypes.contenttype",
   "pk": 9,
   "fields": {
      "app_label": "products",
      "model": "product"
   }
},
{
   "model": "contenttypes.contenttype",
   "pk": 10,
   "fields": {
      "app_label": "products",
      "model": "productcategory"
   }
},
{
   "model": "sessions.session",
   "pk": "08fc4sdg7k1vgby81gltd8d2es632qlj",
   "fields": {
      "session_data": "NjY0NDhiNmU4NDY5NTJjMTFmY2YzNjM4Mjk0NTdmNThiNjhlODcwNzp7Il9hdXRoX3VzZXJfaWQiOiIxIiwiX2F1dGhfdXNlcl9iYWNrZW5kIjoiZGphbmdvLmNvbnRyaWIuYXV0aC5iYWNrZW5kcy5Nb2RlbEJhY2tlbmQiLCJfYXV0aF91c2VyX2hhc2giOiIxODdkMTRlNDliMTRjNzFkYTg2MzIyNDkyMzM4NmFlZjA0Y2NlYzg1In0=",
      "expire_date": "2019-01-24T11:49:57.758Z"
   }
},
{
   "model": "sessions.session",
   "pk": "3zkdm27tmpum55gex5el6aj3uke7cx3m",
   "fields": {
      "session_data": "ZmRmNGZlNWRkZWQ0YTI4MGM4YTAzMjg2Y2ZkNjZiYzM0YjljZjkzZjp7fQ==",
      "expire_date": "2018-12-23T18:51:56.818Z"
   }
},
{
   "model": "sessions.session",
   "pk": "cxhjt2kn33oc23i6rq6qcn0s6t8j8fzr",
   "fields": {
      "session_data": "NjY0NDhiNmU4NDY5NTJjMTFmY2YzNjM4Mjk0NTdmNThiNjhlODcwNzp7Il9hdXRoX3VzZXJfaWQiOiIxIiwiX2F1dGhfdXNlcl9iYWNrZW5kIjoiZGphbmdvLmNvbnRyaWIuYXV0aC5iYWNrZW5kcy5Nb2RlbEJhY2tlbmQiLCJfYXV0aF91c2VyX2hhc2giOiIxODdkMTRlNDliMTRjNzFkYTg2MzIyNDkyMzM4NmFlZjA0Y2NlYzg1In0=",
      "expire_date": "2018-12-20T17:17:40.037Z"
   }
},
{
   "model": "sessions.session",
   "pk": "dnt0dtzvh5klk98n0gsg3dp2kgv06hzj",
   "fields": {
      "session_data": "NjY0NDhiNmU4NDY5NTJjMTFmY2YzNjM4Mjk0NTdmNThiNjhlODcwNzp7Il9hdXRoX3VzZXJfaWQiOiIxIiwiX2F1dGhfdXNlcl9iYWNrZW5kIjoiZGphbmdvLmNvbnRyaWIuYXV0aC5iYWNrZW5kcy5Nb2RlbEJhY2tlbmQiLCJfYXV0aF91c2VyX2hhc2giOiIxODdkMTRlNDliMTRjNzFkYTg2MzIyNDkyMzM4NmFlZjA0Y2NlYzg1In0=",
      "expire_date": "2018-12-20T09:02:45.444Z"
   }
},
{
   "model": "sessions.session",
   "pk": "fh8paz0ifpo88jk124ftu3o1mn7irsoj",
   "fields": {
      "session_data": "NjY0NDhiNmU4NDY5NTJjMTFmY2YzNjM4Mjk0NTdmNThiNjhlODcwNzp7Il9hdXRoX3VzZXJfaWQiOiIxIiwiX2F1dGhfdXNlcl9iYWNrZW5kIjoiZGphbmdvLmNvbnRyaWIuYXV0aC5iYWNrZW5kcy5Nb2RlbEJhY2tlbmQiLCJfYXV0aF91c2VyX2hhc2giOiIxODdkMTRlNDliMTRjNzFkYTg2MzIyNDkyMzM4NmFlZjA0Y2NlYzg1In0=",
      "expire_date": "2019-03-01T14:02:21.558Z"
   }
},
{
   "model": "sessions.session",
   "pk": "fmyzc7vr65maotkhpb2lhb1ewkl9a05t",
   "fields": {
      "session_data": "NjY0NDhiNmU4NDY5NTJjMTFmY2YzNjM4Mjk0NTdmNThiNjhlODcwNzp7Il9hdXRoX3VzZXJfaWQiOiIxIiwiX2F1dGhfdXNlcl9iYWNrZW5kIjoiZGphbmdvLmNvbnRyaWIuYXV0aC5iYWNrZW5kcy5Nb2RlbEJhY2tlbmQiLCJfYXV0aF91c2VyX2hhc2giOiIxODdkMTRlNDliMTRjNzFkYTg2MzIyNDkyMzM4NmFlZjA0Y2NlYzg1In0=",
      "expire_date": "2019-03-25T12:26:23.803Z"
   }
},
{
   "model": "sessions.session",
   "pk": "lgp9yl2vbcxoh8up9et3dj34cmgvrbhx",
   "fields": {
      "session_data": "NjY0NDhiNmU4NDY5NTJjMTFmY2YzNjM4Mjk0NTdmNThiNjhlODcwNzp7Il9hdXRoX3VzZXJfaWQiOiIxIiwiX2F1dGhfdXNlcl9iYWNrZW5kIjoiZGphbmdvLmNvbnRyaWIuYXV0aC5iYWNrZW5kcy5Nb2RlbEJhY2tlbmQiLCJfYXV0aF91c2VyX2hhc2giOiIxODdkMTRlNDliMTRjNzFkYTg2MzIyNDkyMzM4NmFlZjA0Y2NlYzg1In0=",
      "expire_date": "2018-12-14T12:01:44.135Z"
   }
},
{
   "model": "landing.subscriber",
   "pk": 1,
   "fields": {
      "email": "aspirpd@gmail.com",
      "name": "Pavel",
      "message": "test",
      "created": "2018-11-30T12:20:10.857Z",
      "updated": "2018-11-30T12:20:10.857Z"
   }
},
{
   "model": "landing.subscriber",
   "pk": 2,
   "fields": {
      "email": "kas@gmail.com",
      "name": "\u041d\u0438\u043a\u043e\u043b\u0430\u0439",
      "message": "\u043f\u0440\u0438\u0432\u0435\u0442!",
      "created": "2018-12-17T11:25:45.404Z",
      "updated": "2018-12-17T11:25:45.404Z"
   }
},
{
   "model": "landing.subscriber",
   "pk": 3,
   "fields": {
      "email": "aspirpd@gmail.com",
      "name": "\u041f\u0430\u0432\u0435\u043b",
      "message": "text",
      "created": "2019-03-12T11:42:54.468Z",
      "updated": "2019-03-12T11:42:54.468Z"
   }
},
{
   "model": "landing.subscriber",
   "pk": 4,
   "fields": {
      "email": "asp@gmail.com",
      "name": "\u0410\u0440\u0442\u0443\u0440",
      "message": "\u041f\u0440\u0438\u0432\u0435\u0442!\u0423\u0432\u043e\u043b\u044c\u0442\u0435 \u0410\u0433\u0430\u0440\u043a\u043e\u0432\u0430 \u0414. \u042e. \u043f\u043e\u0436\u0430\u043b\u0443\u0439\u0441\u0442\u0430! \u042f \u043c\u043e\u0433\u0443 \u0437\u0430\u043f\u043b\u0430\u0442\u0438\u0442\u044c!",
      "created": "2019-03-15T11:51:53.127Z",
      "updated": "2019-03-15T11:51:53.127Z"
   }
},
{
   "model": "landing.subscriber",
   "pk": 5,
   "fields": {
      "email": "as@gmail.com",
      "name": "ddddddd",
      "message": "dggggggggg",
      "created": "2019-03-15T12:29:05.733Z",
      "updated": "2019-03-15T12:29:05.733Z"
   }
},
{
   "model": "landing.subscriber",
   "pk": 6,
   "fields": {
      "email": "as@gmail.com",
      "name": "ddddddd",
      "message": "dggggggggg",
      "created": "2019-03-15T12:37:14.482Z",
      "updated": "2019-03-15T12:37:14.482Z"
   }
},
{
   "model": "landing.subscriber",
   "pk": 7,
   "fields": {
      "email": "as@gmail.com",
      "name": "ddddddd",
      "message": "dggggggggg",
      "created": "2019-03-15T12:38:23.452Z",
      "updated": "2019-03-15T12:38:23.452Z"
   }
},
{
   "model": "landing.subscriber",
   "pk": 8,
   "fields": {
      "email": "as@gmail.com",
      "name": "ddddddd",
      "message": "dggggggggg",
      "created": "2019-03-15T12:39:05.722Z",
      "updated": "2019-03-15T12:39:05.722Z"
   }
},
{
   "model": "landing.subscriber",
   "pk": 9,
   "fields": {
      "email": "as@gmail.com",
      "name": "ddddddd",
      "message": "dggggggggg",
      "created": "2019-03-15T12:42:41.492Z",
      "updated": "2019-03-15T12:42:41.492Z"
   }
},
{
   "model": "products.productcategory",
   "pk": 1,
   "fields": {
      "name": "\u0414\u0432\u0443\u0445\u043a\u043e\u043c\u043d\u0430\u0442\u043d\u0430\u044f \u043a\u0432\u0430\u0440\u0442\u0438\u0440\u0430",
      "is_active": true
   }
},
{
   "model": "products.productcategory",
   "pk": 2,
   "fields": {
      "name": "\u0422\u0440\u0435\u0445\u043a\u043e\u043c\u043d\u0430\u0442\u043d\u0430\u044f \u043a\u0432\u0430\u0440\u0442\u0438\u0440\u0430",
      "is_active": true
   }
},
{
   "model": "products.product",
   "pk": 1,
   "fields": {
      "name": "\u041a\u0432\u0430\u0440\u0442\u0438\u0440\u0430 \u21161",
      "category": 1,
      "short_description": "",
      "description": "\u0414\u0432\u0443\u0445\u043a\u043e\u043c\u043d\u0430\u0442\u043d\u0430\u044f \u043a\u0432\u0430\u0440\u0442\u0438\u0440\u0430, \u0440\u0430\u0441\u043f\u043e\u043b\u043e\u0436\u0435\u043d\u043d\u0430\u044f \u043d\u0430 \u043f\u0435\u0440\u0432\u043e\u043c \u044d\u0442\u0430\u0436\u0435 \u043f\u043e\u0434\u044a\u0435\u0437\u0434\u0430 \u21161, \u043e\u0431\u0449\u0435\u0439 \u043f\u043b\u043e\u0449\u0430\u0434\u044c\u044e 53 \u043c\u00b2",
      "is_active": true,
      "created": "2018-12-06T18:29:09Z",
      "updated": "2018-12-06T18:29:09Z"
   }
},
{
   "model": "products.product",
   "pk": 2,
   "fields": {
      "name": "\u041a\u0432\u0430\u0440\u0442\u0438\u0440\u0430 \u21162",
      "category": 1,
      "short_description": "",
      "description": "\u0414\u0432\u0443\u0445\u043a\u043e\u043c\u043d\u0430\u0442\u043d\u0430\u044f \u043a\u0432\u0430\u0440\u0442\u0438\u0440\u0430, \u0440\u0430\u0441\u043f\u043e\u043b\u043e\u0436\u0435\u043d\u043d\u0430\u044f \u043d\u0430 \u043f\u0435\u0440\u0432\u043e\u043c \u044d\u0442\u0430\u0436\u0435 \u043f\u043e\u0434\u044a\u0435\u0437\u0434\u0430 \u21161, \u043e\u0431\u0449\u0435\u0439 \u043f\u043b\u043e\u0449\u0430\u0434\u044c\u044e 47.9 \u043c\u00b2",
      "is_active": true,
      "created": "2018-12-06T18:32:15Z",
      "updated": "2018-12-06T18:32:15Z"
   }
},
{
   "model": "products.product",
   "pk": 3,
   "fields": {
      "name": "\u041a\u0432\u0430\u0440\u0442\u0438\u0440\u0430 \u21163",
      "category": 1,
      "short_description": "",
      "description": "\u0414\u0432\u0443\u0445\u043a\u043e\u043c\u043d\u0430\u0442\u043d\u0430\u044f \u043a\u0432\u0430\u0440\u0442\u0438\u0440\u0430, \u0440\u0430\u0441\u043f\u043e\u043b\u043e\u0436\u0435\u043d\u043d\u0430\u044f \u043d\u0430 \u043f\u0435\u0440\u0432\u043e\u043c \u044d\u0442\u0430\u0436\u0435 \u043f\u043e\u0434\u044a\u0435\u0437\u0434\u0430 \u21161, \u043e\u0431\u0449\u0435\u0439 \u043f\u043b\u043e\u0449\u0430\u0434\u044c\u044e 53.5 \u043c\u00b2",
      "is_active": true,
      "created": "2018-12-06T18:32:57Z",
      "updated": "2018-12-06T18:32:57Z"
   }
},
{
   "model": "products.product",
   "pk": 4,
   "fields": {
      "name": "\u041a\u0432\u0430\u0440\u0442\u0438\u0440\u0430 \u21165",
      "category": 1,
      "short_description": "",
      "description": "\u0414\u0432\u0443\u0445\u043a\u043e\u043c\u043d\u0430\u0442\u043d\u0430\u044f \u043a\u0432\u0430\u0440\u0442\u0438\u0440\u0430, \u0440\u0430\u0441\u043f\u043e\u043b\u043e\u0436\u0435\u043d\u043d\u0430\u044f \u043d\u0430 \u0432\u0442\u043e\u0440\u043e\u043c \u044d\u0442\u0430\u0436\u0435 \u043f\u043e\u0434\u044a\u0435\u0437\u0434\u0430 \u21161, \u043e\u0431\u0449\u0435\u0439 \u043f\u043b\u043e\u0449\u0430\u0434\u044c\u044e 53 \u043c\u00b2",
      "is_active": true,
      "created": "2018-12-06T22:17:23Z",
      "updated": "2018-12-06T22:17:23Z"
   }
},
{
   "model": "products.product",
   "pk": 5,
   "fields": {
      "name": "\u041a\u0432\u0430\u0440\u0442\u0438\u0440\u0430 \u21166",
      "category": 1,
      "short_description": "",
      "description": "\u0414\u0432\u0443\u0445\u043a\u043e\u043c\u043d\u0430\u0442\u043d\u0430\u044f \u043a\u0432\u0430\u0440\u0442\u0438\u0440\u0430, \u0440\u0430\u0441\u043f\u043e\u043b\u043e\u0436\u0435\u043d\u043d\u0430\u044f \u043d\u0430 \u0432\u0442\u043e\u0440\u043e\u043c \u044d\u0442\u0430\u0436\u0435 \u043f\u043e\u0434\u044a\u0435\u0437\u0434\u0430 \u21161, \u043e\u0431\u0449\u0435\u0439 \u043f\u043b\u043e\u0449\u0430\u0434\u044c\u044e 47.9 \u043c\u00b2",
      "is_active": true,
      "created": "2018-12-06T22:18:05Z",
      "updated": "2018-12-06T22:18:05Z"
   }
},
{
   "model": "products.product",
   "pk": 6,
   "fields": {
      "name": "\u041a\u0432\u0430\u0440\u0442\u0438\u0440\u0430 \u21167",
      "category": 1,
      "short_description": "",
      "description": "\u0414\u0432\u0443\u0445\u043a\u043e\u043c\u043d\u0430\u0442\u043d\u0430\u044f \u043a\u0432\u0430\u0440\u0442\u0438\u0440\u0430, \u0440\u0430\u0441\u043f\u043e\u043b\u043e\u0436\u0435\u043d\u043d\u0430\u044f \u043d\u0430 \u0432\u0442\u043e\u0440\u043e\u043c \u044d\u0442\u0430\u0436\u0435 \u043f\u043e\u0434\u044a\u0435\u0437\u0434\u0430 \u21161, \u043e\u0431\u0449\u0435\u0439 \u043f\u043b\u043e\u0449\u0430\u0434\u044c\u044e 53.5 \u043c\u00b2",
      "is_active": true,
      "created": "2018-12-06T22:18:34Z",
      "updated": "2018-12-06T22:18:34Z"
   }
},
{
   "model": "products.product",
   "pk": 7,
   "fields": {
      "name": "\u041a\u0432\u0430\u0440\u0442\u0438\u0440\u0430 \u21169",
      "category": 1,
      "short_description": "",
      "description": "\u0414\u0432\u0443\u0445\u043a\u043e\u043c\u043d\u0430\u0442\u043d\u0430\u044f \u043a\u0432\u0430\u0440\u0442\u0438\u0440\u0430, \u0440\u0430\u0441\u043f\u043e\u043b\u043e\u0436\u0435\u043d\u043d\u0430\u044f \u043d\u0430 \u0442\u0440\u0435\u0442\u044c\u0435\u043c \u044d\u0442\u0430\u0436\u0435 \u043f\u043e\u0434\u044a\u0435\u0437\u0434\u0430 \u21161, \u043e\u0431\u0449\u0435\u0439 \u043f\u043b\u043e\u0449\u0430\u0434\u044c\u044e 53 \u043c\u00b2",
      "is_active": true,
      "created": "2018-12-06T22:19:04Z",
      "updated": "2018-12-06T22:19:04Z"
   }
},
{
   "model": "products.product",
   "pk": 8,
   "fields": {
      "name": "\u041a\u0432\u0430\u0440\u0442\u0438\u0440\u0430 \u211610",
      "category": 1,
      "short_description": "",
      "description": "\u0414\u0432\u0443\u0445\u043a\u043e\u043c\u043d\u0430\u0442\u043d\u0430\u044f \u043a\u0432\u0430\u0440\u0442\u0438\u0440\u0430, \u0440\u0430\u0441\u043f\u043e\u043b\u043e\u0436\u0435\u043d\u043d\u0430\u044f \u043d\u0430 \u0442\u0440\u0435\u0442\u044c\u0435\u043c \u044d\u0442\u0430\u0436\u0435 \u043f\u043e\u0434\u044a\u0435\u0437\u0434\u0430 \u21161, \u043e\u0431\u0449\u0435\u0439 \u043f\u043b\u043e\u0449\u0430\u0434\u044c\u044e 47.9 \u043c\u00b2",
      "is_active": true,
      "created": "2018-12-06T22:19:48Z",
      "updated": "2018-12-06T22:19:48Z"
   }
},
{
   "model": "products.product",
   "pk": 9,
   "fields": {
      "name": "\u041a\u0432\u0430\u0440\u0442\u0438\u0440\u0430 \u211611",
      "category": 1,
      "short_description": "",
      "description": "\u0414\u0432\u0443\u0445\u043a\u043e\u043c\u043d\u0430\u0442\u043d\u0430\u044f \u043a\u0432\u0430\u0440\u0442\u0438\u0440\u0430, \u0440\u0430\u0441\u043f\u043e\u043b\u043e\u0436\u0435\u043d\u043d\u0430\u044f \u043d\u0430 \u0442\u0440\u0435\u0442\u044c\u0435\u043c \u044d\u0442\u0430\u0436\u0435 \u043f\u043e\u0434\u044a\u0435\u0437\u0434\u0430 \u21161, \u043e\u0431\u0449\u0435\u0439 \u043f\u043b\u043e\u0449\u0430\u0434\u044c\u044e 53.5 \u043c\u00b2",
      "is_active": true,
      "created": "2018-12-06T22:20:18Z",
      "updated": "2018-12-06T22:20:18Z"
   }
},
{
   "model": "products.product",
   "pk": 10,
   "fields": {
      "name": "\u041a\u0432\u0430\u0440\u0442\u0438\u0440\u0430 \u211614",
      "category": 1,
      "short_description": "",
      "description": "\u0414\u0432\u0443\u0445\u043a\u043e\u043c\u043d\u0430\u0442\u043d\u0430\u044f \u043a\u0432\u0430\u0440\u0442\u0438\u0440\u0430, \u0440\u0430\u0441\u043f\u043e\u043b\u043e\u0436\u0435\u043d\u043d\u0430\u044f \u043d\u0430 \u043f\u0435\u0440\u0432\u043e\u043c \u044d\u0442\u0430\u0436\u0435 \u043f\u043e\u0434\u044a\u0435\u0437\u0434\u0430 \u21162, \u043e\u0431\u0449\u0435\u0439 \u043f\u043b\u043e\u0449\u0430\u0434\u044c\u044e 51.7 \u043c\u00b2",
      "is_active": true,
      "created": "2018-12-06T22:21:19Z",
      "updated": "2018-12-06T22:21:19Z"
   }
},
{
   "model": "products.product",
   "pk": 11,
   "fields": {
      "name": "\u041a\u0432\u0430\u0440\u0442\u0438\u0440\u0430 \u211617",
      "category": 1,
      "short_description": "",
      "description": "\u0414\u0432\u0443\u0445\u043a\u043e\u043c\u043d\u0430\u0442\u043d\u0430\u044f \u043a\u0432\u0430\u0440\u0442\u0438\u0440\u0430, \u0440\u0430\u0441\u043f\u043e\u043b\u043e\u0436\u0435\u043d\u043d\u0430\u044f \u043d\u0430 \u0432\u0442\u043e\u0440\u043e\u043c \u044d\u0442\u0430\u0436\u0435 \u043f\u043e\u0434\u044a\u0435\u0437\u0434\u0430 \u21162, \u043e\u0431\u0449\u0435\u0439 \u043f\u043b\u043e\u0449\u0430\u0434\u044c\u044e 51.7 \u043c\u00b2",
      "is_active": true,
      "created": "2018-12-06T22:21:44Z",
      "updated": "2018-12-06T22:21:44Z"
   }
},
{
   "model": "products.product",
   "pk": 12,
   "fields": {
      "name": "\u041a\u0432\u0430\u0440\u0442\u0438\u0440\u0430 \u211620",
      "category": 1,
      "short_description": "",
      "description": "\u0414\u0432\u0443\u0445\u043a\u043e\u043c\u043d\u0430\u0442\u043d\u0430\u044f \u043a\u0432\u0430\u0440\u0442\u0438\u0440\u0430, \u0440\u0430\u0441\u043f\u043e\u043b\u043e\u0436\u0435\u043d\u043d\u0430\u044f \u043d\u0430 \u0442\u0440\u0435\u0442\u044c\u0435\u043c \u044d\u0442\u0430\u0436\u0435 \u043f\u043e\u0434\u044a\u0435\u0437\u0434\u0430 \u21162, \u043e\u0431\u0449\u0435\u0439 \u043f\u043b\u043e\u0449\u0430\u0434\u044c\u044e 51.7 \u043c\u00b2",
      "is_active": true,
      "created": "2018-12-06T22:22:24Z",
      "updated": "2018-12-06T22:22:24Z"
   }
},
{
   "model": "products.product",
   "pk": 13,
   "fields": {
      "name": "\u041a\u0432\u0430\u0440\u0442\u0438\u0440\u0430 \u211623",
      "category": 1,
      "short_description": "",
      "description": "\u0414\u0432\u0443\u0445\u043a\u043e\u043c\u043d\u0430\u0442\u043d\u0430\u044f \u043a\u0432\u0430\u0440\u0442\u0438\u0440\u0430, \u0440\u0430\u0441\u043f\u043e\u043b\u043e\u0436\u0435\u043d\u043d\u0430\u044f \u043d\u0430 \u043f\u0435\u0440\u0432\u043e\u043c \u044d\u0442\u0430\u0436\u0435 \u043f\u043e\u0434\u044a\u0435\u0437\u0434\u0430 \u21163, \u043e\u0431\u0449\u0435\u0439 \u043f\u043b\u043e\u0449\u0430\u0434\u044c\u044e 49.3 \u043c\u00b2",
      "is_active": true,
      "created": "2018-12-06T22:22:49Z",
      "updated": "2018-12-06T22:22:49Z"
   }
},
{
   "model": "products.product",
   "pk": 14,
   "fields": {
      "name": "\u041a\u0432\u0430\u0440\u0442\u0438\u0440\u0443 \u211624",
      "category": 1,
      "short_description": "",
      "description": "\u0414\u0432\u0443\u0445\u043a\u043e\u043c\u043d\u0430\u0442\u043d\u0430\u044f \u043a\u0432\u0430\u0440\u0442\u0438\u0440\u0430, \u0440\u0430\u0441\u043f\u043e\u043b\u043e\u0436\u0435\u043d\u043d\u0430\u044f \u043d\u0430 \u043f\u0435\u0440\u0432\u043e\u043c \u044d\u0442\u0430\u0436\u0435 \u043f\u043e\u0434\u044a\u0435\u0437\u0434\u0430 \u21163, \u043e\u0431\u0449\u0435\u0439 \u043f\u043b\u043e\u0449\u0430\u0434\u044c\u044e 48.1 \u043c\u00b2",
      "is_active": true,
      "created": "2018-12-06T22:23:31Z",
      "updated": "2018-12-06T22:23:31Z"
   }
},
{
   "model": "products.product",
   "pk": 15,
   "fields": {
      "name": "\u041a\u0432\u0430\u0440\u0442\u0438\u0440\u0430 \u211625",
      "category": 1,
      "short_description": "",
      "description": "\u0414\u0432\u0443\u0445\u043a\u043e\u043c\u043d\u0430\u0442\u043d\u0430\u044f \u043a\u0432\u0430\u0440\u0442\u0438\u0440\u0430, \u0440\u0430\u0441\u043f\u043e\u043b\u043e\u0436\u0435\u043d\u043d\u0430\u044f \u043d\u0430 \u043f\u0435\u0440\u0432\u043e\u043c \u044d\u0442\u0430\u0436\u0435 \u043f\u043e\u0434\u044a\u0435\u0437\u0434\u0430 \u21163, \u043e\u0431\u0449\u0435\u0439 \u043f\u043b\u043e\u0449\u0430\u0434\u044c\u044e 52.1 \u043c\u00b2",
      "is_active": true,
      "created": "2018-12-06T22:23:57Z",
      "updated": "2018-12-06T22:23:57Z"
   }
},
{
   "model": "products.product",
   "pk": 16,
   "fields": {
      "name": "\u041a\u0432\u0430\u0440\u0442\u0438\u0440\u0430 \u211627",
      "category": 1,
      "short_description": "",
      "description": "\u0414\u0432\u0443\u0445\u043a\u043e\u043c\u043d\u0430\u0442\u043d\u0430\u044f \u043a\u0432\u0430\u0440\u0442\u0438\u0440\u0430, \u0440\u0430\u0441\u043f\u043e\u043b\u043e\u0436\u0435\u043d\u043d\u0430\u044f \u043d\u0430 \u0432\u0442\u043e\u0440\u043e\u043c \u044d\u0442\u0430\u0436\u0435 \u043f\u043e\u0434\u044a\u0435\u0437\u0434\u0430 \u21163, \u043e\u0431\u0449\u0435\u0439 \u043f\u043b\u043e\u0449\u0430\u0434\u044c\u044e 49.3 \u043c\u00b2",
      "is_active": true,
      "created": "2018-12-06T22:24:13Z",
      "updated": "2018-12-06T22:24:13Z"
   }
},
{
   "model": "products.product",
   "pk": 17,
   "fields": {
      "name": "\u041a\u0432\u0430\u0440\u0442\u0438\u0440\u0430 \u211628",
      "category": 1,
      "short_description": "",
      "description": "\u0414\u0432\u0443\u0445\u043a\u043e\u043c\u043d\u0430\u0442\u043d\u0430\u044f \u043a\u0432\u0430\u0440\u0442\u0438\u0440\u0430, \u0440\u0430\u0441\u043f\u043e\u043b\u043e\u0436\u0435\u043d\u043d\u0430\u044f \u043d\u0430 \u0432\u0442\u043e\u0440\u043e\u043c \u044d\u0442\u0430\u0436\u0435 \u043f\u043e\u0434\u044a\u0435\u0437\u0434\u0430 \u21163, \u043e\u0431\u0449\u0435\u0439 \u043f\u043b\u043e\u0449\u0430\u0434\u044c\u044e 48.1 \u043c\u00b2",
      "is_active": true,
      "created": "2018-12-06T22:24:56Z",
      "updated": "2018-12-06T22:24:56Z"
   }
},
{
   "model": "products.product",
   "pk": 18,
   "fields": {
      "name": "\u041a\u0432\u0430\u0440\u0442\u0438\u0440\u0430 \u211629",
      "category": 1,
      "short_description": "",
      "description": "\u0414\u0432\u0443\u0445\u043a\u043e\u043c\u043d\u0430\u0442\u043d\u0430\u044f \u043a\u0432\u0430\u0440\u0442\u0438\u0440\u0430, \u0440\u0430\u0441\u043f\u043e\u043b\u043e\u0436\u0435\u043d\u043d\u0430\u044f \u043d\u0430 \u0432\u0442\u043e\u0440\u043e\u043c \u044d\u0442\u0430\u0436\u0435 \u043f\u043e\u0434\u044a\u0435\u0437\u0434\u0430 \u21163, \u043e\u0431\u0449\u0435\u0439 \u043f\u043b\u043e\u0449\u0430\u0434\u044c\u044e 52.1 \u043c\u00b2",
      "is_active": true,
      "created": "2018-12-06T22:25:20Z",
      "updated": "2018-12-06T22:25:20Z"
   }
},
{
   "model": "products.product",
   "pk": 19,
   "fields": {
      "name": "\u041a\u0432\u0430\u0440\u0442\u0438\u0440\u0430 \u211631",
      "category": 1,
      "short_description": "",
      "description": "\u0414\u0432\u0443\u0445\u043a\u043e\u043c\u043d\u0430\u0442\u043d\u0430\u044f \u043a\u0432\u0430\u0440\u0442\u0438\u0440\u0430, \u0440\u0430\u0441\u043f\u043e\u043b\u043e\u0436\u0435\u043d\u043d\u0430\u044f \u043d\u0430 \u0442\u0440\u0435\u0442\u044c\u0435\u043c \u044d\u0442\u0430\u0436\u0435 \u043f\u043e\u0434\u044a\u0435\u0437\u0434\u0430 \u21163, \u043e\u0431\u0449\u0435\u0439 \u043f\u043b\u043e\u0449\u0430\u0434\u044c\u044e 49.3 \u043c\u00b2",
      "is_active": true,
      "created": "2018-12-06T22:25:47Z",
      "updated": "2018-12-06T22:25:47Z"
   }
},
{
   "model": "products.product",
   "pk": 20,
   "fields": {
      "name": "\u041a\u0432\u0430\u0440\u0442\u0438\u0440\u0430 \u211632",
      "category": 1,
      "short_description": "",
      "description": "\u0414\u0432\u0443\u0445\u043a\u043e\u043c\u043d\u0430\u0442\u043d\u0430\u044f \u043a\u0432\u0430\u0440\u0442\u0438\u0440\u0430, \u0440\u0430\u0441\u043f\u043e\u043b\u043e\u0436\u0435\u043d\u043d\u0430\u044f \u043d\u0430 \u0442\u0440\u0435\u0442\u044c\u0435\u043c \u044d\u0442\u0430\u0436\u0435 \u043f\u043e\u0434\u044a\u0435\u0437\u0434\u0430 \u21163, \u043e\u0431\u0449\u0435\u0439 \u043f\u043b\u043e\u0449\u0430\u0434\u044c\u044e 48.1 \u043c\u00b2",
      "is_active": true,
      "created": "2018-12-06T22:26:16Z",
      "updated": "2018-12-06T22:26:16Z"
   }
},
{
   "model": "products.product",
   "pk": 21,
   "fields": {
      "name": "\u041a\u0432\u0430\u0440\u0442\u0438\u0440\u0430 \u211633",
      "category": 1,
      "short_description": "",
      "description": "\u0414\u0432\u0443\u0445\u043a\u043e\u043c\u043d\u0430\u0442\u043d\u0430\u044f \u043a\u0432\u0430\u0440\u0442\u0438\u0440\u0430, \u0440\u0430\u0441\u043f\u043e\u043b\u043e\u0436\u0435\u043d\u043d\u0430\u044f \u043d\u0430 \u0442\u0440\u0435\u0442\u044c\u0435\u043c \u044d\u0442\u0430\u0436\u0435 \u043f\u043e\u0434\u044a\u0435\u0437\u0434\u0430 \u21163, \u043e\u0431\u0449\u0435\u0439 \u043f\u043b\u043e\u0449\u0430\u0434\u044c\u044e 52.1 \u043c\u00b2",
      "is_active": true,
      "created": "2018-12-06T22:26:33Z",
      "updated": "2018-12-06T22:26:33Z"
   }
},
{
   "model": "products.product",
   "pk": 22,
   "fields": {
      "name": "\u041a\u0432\u0430\u0440\u0442\u0438\u0440\u0430 \u21164",
      "category": 2,
      "short_description": "",
      "description": "\u0422\u0440\u0435\u0445\u043a\u043e\u043c\u043d\u0430\u0442\u043d\u0430\u044f \u043a\u0432\u0430\u0440\u0442\u0438\u0440\u0430, \u0440\u0430\u0441\u043f\u043e\u043b\u043e\u0436\u0435\u043d\u043d\u0430\u044f \u043d\u0430 \u043f\u0435\u0440\u0432\u043e\u043c \u044d\u0442\u0430\u0436\u0435 \u043f\u043e\u0434\u044a\u0435\u0437\u0434\u0430 \u21161, \u043e\u0431\u0449\u0435\u0439 \u043f\u043b\u043e\u0449\u0430\u0434\u044c\u044e 65.4 \u043c\u00b2",
      "is_active": true,
      "created": "2018-12-08T10:36:17Z",
      "updated": "2018-12-08T10:36:17Z"
   }
},
{
   "model": "products.product",
   "pk": 23,
   "fields": {
      "name": "\u041a\u0432\u0430\u0440\u0442\u0438\u0440\u0430 \u21168",
      "category": 2,
      "short_description": "",
      "description": "\u0422\u0440\u0435\u0445\u043a\u043e\u043c\u043d\u0430\u0442\u043d\u0430\u044f \u043a\u0432\u0430\u0440\u0442\u0438\u0440\u0430, \u0440\u0430\u0441\u043f\u043e\u043b\u043e\u0436\u0435\u043d\u043d\u0430\u044f \u043d\u0430 \u0432\u0442\u043e\u0440\u043e\u043c \u044d\u0442\u0430\u0436\u0435 \u043f\u043e\u0434\u044a\u0435\u0437\u0434\u0430 \u21161, \u043e\u0431\u0449\u0435\u0439 \u043f\u043b\u043e\u0449\u0430\u0434\u044c\u044e 65.4 \u043c\u00b2",
      "is_active": true,
      "created": "2018-12-08T10:37:09Z",
      "updated": "2018-12-08T10:37:09Z"
   }
},
{
   "model": "products.product",
   "pk": 24,
   "fields": {
      "name": "\u041a\u0432\u0430\u0440\u0442\u0438\u0440\u0430 \u211612",
      "category": 2,
      "short_description": "",
      "description": "\u0422\u0440\u0435\u0445\u043a\u043e\u043c\u043d\u0430\u0442\u043d\u0430\u044f \u043a\u0432\u0430\u0440\u0442\u0438\u0440\u0430, \u0440\u0430\u0441\u043f\u043e\u043b\u043e\u0436\u0435\u043d\u043d\u0430\u044f \u043d\u0430 \u0442\u0440\u0435\u0442\u044c\u0435\u043c \u044d\u0442\u0430\u0436\u0435 \u043f\u043e\u0434\u044a\u0435\u0437\u0434\u0430 \u21161, \u043e\u0431\u0449\u0435\u0439 \u043f\u043b\u043e\u0449\u0430\u0434\u044c\u044e 65.4 \u043c\u00b2",
      "is_active": true,
      "created": "2018-12-08T10:37:43Z",
      "updated": "2018-12-08T10:37:43Z"
   }
},
{
   "model": "products.product",
   "pk": 25,
   "fields": {
      "name": "\u041a\u0432\u0430\u0440\u0442\u0438\u0440\u0430 \u211613",
      "category": 2,
      "short_description": "",
      "description": "\u0422\u0440\u0435\u0445\u043a\u043e\u043c\u043d\u0430\u0442\u043d\u0430\u044f \u043a\u0432\u0430\u0440\u0442\u0438\u0440\u0430, \u0440\u0430\u0441\u043f\u043e\u043b\u043e\u0436\u0435\u043d\u043d\u0430\u044f \u043d\u0430 \u043f\u0435\u0440\u0432\u043e\u043c \u044d\u0442\u0430\u0436\u0435 \u043f\u043e\u0434\u044a\u0435\u0437\u0434\u0430 \u21162, \u043e\u0431\u0449\u0435\u0439 \u043f\u043b\u043e\u0449\u0430\u0434\u044c\u044e 70.9 \u043c\u00b2",
      "is_active": true,
      "created": "2018-12-08T10:38:10Z",
      "updated": "2018-12-08T10:38:10Z"
   }
},
{
   "model": "products.product",
   "pk": 26,
   "fields": {
      "name": "\u041a\u0432\u0430\u0440\u0442\u0438\u0440\u0430 \u211615",
      "category": 2,
      "short_description": "",
      "description": "\u0422\u0440\u0435\u0445\u043a\u043e\u043c\u043d\u0430\u0442\u043d\u0430\u044f \u043a\u0432\u0430\u0440\u0442\u0438\u0440\u0430, \u0440\u0430\u0441\u043f\u043e\u043b\u043e\u0436\u0435\u043d\u043d\u0430\u044f \u043d\u0430 \u043f\u0435\u0440\u0432\u043e\u043c \u044d\u0442\u0430\u0436\u0435 \u043f\u043e\u0434\u044a\u0435\u0437\u0434\u0430 \u21162, \u043e\u0431\u0449\u0435\u0439 \u043f\u043b\u043e\u0449\u0430\u0434\u044c\u044e 63.1 \u043c\u00b2",
      "is_active": true,
      "created": "2018-12-08T10:38:40Z",
      "updated": "2018-12-08T10:38:40Z"
   }
},
{
   "model": "products.product",
   "pk": 27,
   "fields": {
      "name": "\u041a\u0432\u0430\u0440\u0442\u0438\u0440\u0430 \u211616",
      "category": 2,
      "short_description": "",
      "description": "\u0422\u0440\u0435\u0445\u043a\u043e\u043c\u043d\u0430\u0442\u043d\u0430\u044f \u043a\u0432\u0430\u0440\u0442\u0438\u0440\u0430, \u0440\u0430\u0441\u043f\u043e\u043b\u043e\u0436\u0435\u043d\u043d\u0430\u044f \u043d\u0430 \u0432\u0442\u043e\u0440\u043e\u043c \u044d\u0442\u0430\u0436\u0435 \u043f\u043e\u0434\u044a\u0435\u0437\u0434\u0430 \u21162, \u043e\u0431\u0449\u0435\u0439 \u043f\u043b\u043e\u0449\u0430\u0434\u044c\u044e 70.9 \u043c\u00b2",
      "is_active": true,
      "created": "2018-12-08T10:38:55Z",
      "updated": "2018-12-08T10:38:55Z"
   }
},
{
   "model": "products.product",
   "pk": 28,
   "fields": {
      "name": "\u041a\u0432\u0430\u0440\u0442\u0438\u0440\u0430 \u211618",
      "category": 2,
      "short_description": "",
      "description": "\u0422\u0440\u0435\u0445\u043a\u043e\u043c\u043d\u0430\u0442\u043d\u0430\u044f \u043a\u0432\u0430\u0440\u0442\u0438\u0440\u0430, \u0440\u0430\u0441\u043f\u043e\u043b\u043e\u0436\u0435\u043d\u043d\u0430\u044f \u043d\u0430 \u0432\u0442\u043e\u0440\u043e\u043c \u044d\u0442\u0430\u0436\u0435 \u043f\u043e\u0434\u044a\u0435\u0437\u0434\u0430 \u21162, \u043e\u0431\u0449\u0435\u0439 \u043f\u043b\u043e\u0449\u0430\u0434\u044c\u044e 63.1 \u043c\u00b2",
      "is_active": true,
      "created": "2018-12-08T10:39:29Z",
      "updated": "2018-12-08T10:39:29Z"
   }
},
{
   "model": "products.product",
   "pk": 29,
   "fields": {
      "name": "\u041a\u0432\u0430\u0440\u0442\u0438\u0440\u0430 \u211619",
      "category": 2,
      "short_description": "",
      "description": "\u0422\u0440\u0435\u0445\u043a\u043e\u043c\u043d\u0430\u0442\u043d\u0430\u044f \u043a\u0432\u0430\u0440\u0442\u0438\u0440\u0430, \u0440\u0430\u0441\u043f\u043e\u043b\u043e\u0436\u0435\u043d\u043d\u0430\u044f \u043d\u0430 \u0442\u0440\u0435\u0442\u044c\u0435\u043c \u044d\u0442\u0430\u0436\u0435 \u043f\u043e\u0434\u044a\u0435\u0437\u0434\u0430 \u21162, \u043e\u0431\u0449\u0435\u0439 \u043f\u043b\u043e\u0449\u0430\u0434\u044c\u044e 70.9 \u043c\u00b2",
      "is_active": true,
      "created": "2018-12-08T10:39:55Z",
      "updated": "2018-12-08T10:39:55Z"
   }
},
{
   "model": "products.product",
   "pk": 30,
   "fields": {
      "name": "\u041a\u0432\u0430\u0440\u0442\u0438\u0440\u0430 \u211621",
      "category": 2,
      "short_description": "",
      "description": "\u0422\u0440\u0435\u0445\u043a\u043e\u043c\u043d\u0430\u0442\u043d\u0430\u044f \u043a\u0432\u0430\u0440\u0442\u0438\u0440\u0430, \u0440\u0430\u0441\u043f\u043e\u043b\u043e\u0436\u0435\u043d\u043d\u0430\u044f \u043d\u0430 \u0442\u0440\u0435\u0442\u044c\u0435\u043c \u044d\u0442\u0430\u0436\u0435 \u043f\u043e\u0434\u044a\u0435\u0437\u0434\u0430 \u21162, \u043e\u0431\u0449\u0435\u0439 \u043f\u043b\u043e\u0449\u0430\u0434\u044c\u044e 63.1 \u043c\u00b2",
      "is_active": true,
      "created": "2018-12-08T10:40:33Z",
      "updated": "2018-12-08T10:40:34Z"
   }
},
{
   "model": "products.product",
   "pk": 31,
   "fields": {
      "name": "\u041a\u0432\u0430\u0440\u0442\u0438\u0440\u0430 \u211622",
      "category": 2,
      "short_description": "",
      "description": "\u0422\u0440\u0435\u0445\u043a\u043e\u043c\u043d\u0430\u0442\u043d\u0430\u044f \u043a\u0432\u0430\u0440\u0442\u0438\u0440\u0430, \u0440\u0430\u0441\u043f\u043e\u043b\u043e\u0436\u0435\u043d\u043d\u0430\u044f \u043d\u0430 \u043f\u0435\u0440\u0432\u043e\u043c \u044d\u0442\u0430\u0436\u0435 \u043f\u043e\u0434\u044a\u0435\u0437\u0434\u0430 \u21163, \u043e\u0431\u0449\u0435\u0439 \u043f\u043b\u043e\u0449\u0430\u0434\u044c\u044e 67.2 \u043c\u00b2",
      "is_active": true,
      "created": "2018-12-08T10:41:00Z",
      "updated": "2018-12-08T10:41:00Z"
   }
},
{
   "model": "products.product",
   "pk": 32,
   "fields": {
      "name": "\u041a\u0432\u0430\u0440\u0442\u0438\u0440\u0430 \u211626",
      "category": 2,
      "short_description": "",
      "description": "\u0422\u0440\u0435\u0445\u043a\u043e\u043c\u043d\u0430\u0442\u043d\u0430\u044f \u043a\u0432\u0430\u0440\u0442\u0438\u0440\u0430, \u0440\u0430\u0441\u043f\u043e\u043b\u043e\u0436\u0435\u043d\u043d\u0430\u044f \u043d\u0430 \u0432\u0442\u043e\u0440\u043e\u043c \u044d\u0442\u0430\u0436\u0435 \u043f\u043e\u0434\u044a\u0435\u0437\u0434\u0430 \u21163, \u043e\u0431\u0449\u0435\u0439 \u043f\u043b\u043e\u0449\u0430\u0434\u044c\u044e 67.2 \u043c\u00b2",
      "is_active": true,
      "created": "2018-12-08T10:41:31Z",
      "updated": "2018-12-08T10:41:31Z"
   }
},
{
   "model": "products.product",
   "pk": 33,
   "fields": {
      "name": "\u041a\u0432\u0430\u0440\u0442\u0438\u0440\u0430 \u211630",
      "category": 2,
      "short_description": "",
      "description": "\u0422\u0440\u0435\u0445\u043a\u043e\u043c\u043d\u0430\u0442\u043d\u0430\u044f \u043a\u0432\u0430\u0440\u0442\u0438\u0440\u0430, \u0440\u0430\u0441\u043f\u043e\u043b\u043e\u0436\u0435\u043d\u043d\u0430\u044f \u043d\u0430 \u0442\u0440\u0435\u0442\u044c\u0435\u043c \u044d\u0442\u0430\u0436\u0435 \u043f\u043e\u0434\u044a\u0435\u0437\u0434\u0430 \u21163, \u043e\u0431\u0449\u0435\u0439 \u043f\u043b\u043e\u0449\u0430\u0434\u044c\u044e 67.2 \u043c\u00b2",
      "is_active": true,
      "created": "2018-12-08T10:41:54Z",
      "updated": "2018-12-08T10:41:54Z"
   }
},
{
   "model": "products.productimage",
   "pk": 1,
   "fields": {
      "Product": 1,
      "image": "products_images/kv_1.jpg",
      "is_main": true,
      "is_active": true,
      "created": "2018-12-06T18:29:09Z",
      "updated": "2018-12-06T18:29:09Z"
   }
},
{
   "model": "products.productimage",
   "pk": 2,
   "fields": {
      "Product": 2,
      "image": "products_images/kv_2.jpg",
      "is_main": true,
      "is_active": true,
      "created": "2018-12-06T18:32:15Z",
      "updated": "2018-12-06T18:32:15Z"
   }
},
{
   "model": "products.productimage",
   "pk": 3,
   "fields": {
      "Product": 3,
      "image": "products_images/kv_3.jpg",
      "is_main": true,
      "is_active": true,
      "created": "2018-12-06T18:32:57Z",
      "updated": "2018-12-06T18:32:57Z"
   }
},
{
   "model": "products.productimage",
   "pk": 4,
   "fields": {
      "Product": 4,
      "image": "products_images/kv_5.jpg",
      "is_main": true,
      "is_active": true,
      "created": "2018-12-06T22:17:23Z",
      "updated": "2018-12-06T22:17:23Z"
   }
},
{
   "model": "products.productimage",
   "pk": 5,
   "fields": {
      "Product": 5,
      "image": "products_images/kv_6.jpg",
      "is_main": true,
      "is_active": true,
      "created": "2018-12-06T22:18:05Z",
      "updated": "2018-12-06T22:18:05Z"
   }
},
{
   "model": "products.productimage",
   "pk": 6,
   "fields": {
      "Product": 6,
      "image": "products_images/kv_7.jpg",
      "is_main": true,
      "is_active": true,
      "created": "2018-12-06T22:18:34Z",
      "updated": "2018-12-06T22:18:34Z"
   }
},
{
   "model": "products.productimage",
   "pk": 7,
   "fields": {
      "Product": 7,
      "image": "products_images/kv_9.jpg",
      "is_main": true,
      "is_active": true,
      "created": "2018-12-06T22:19:04Z",
      "updated": "2018-12-06T22:19:04Z"
   }
},
{
   "model": "products.productimage",
   "pk": 8,
   "fields": {
      "Product": 8,
      "image": "products_images/kv_10.jpg",
      "is_main": true,
      "is_active": true,
      "created": "2018-12-06T22:19:48Z",
      "updated": "2018-12-06T22:19:48Z"
   }
},
{
   "model": "products.productimage",
   "pk": 9,
   "fields": {
      "Product": 9,
      "image": "products_images/kv_11.jpg",
      "is_main": true,
      "is_active": true,
      "created": "2018-12-06T22:20:18Z",
      "updated": "2018-12-06T22:20:18Z"
   }
},
{
   "model": "products.productimage",
   "pk": 10,
   "fields": {
      "Product": 10,
      "image": "products_images/kv_14.jpg",
      "is_main": true,
      "is_active": true,
      "created": "2018-12-06T22:21:19Z",
      "updated": "2018-12-06T22:21:19Z"
   }
},
{
   "model": "products.productimage",
   "pk": 11,
   "fields": {
      "Product": 11,
      "image": "products_images/kv_17.jpg",
      "is_main": true,
      "is_active": true,
      "created": "2018-12-06T22:21:44Z",
      "updated": "2018-12-06T22:21:44Z"
   }
},
{
   "model": "products.productimage",
   "pk": 12,
   "fields": {
      "Product": 12,
      "image": "products_images/kv_20.jpg",
      "is_main": true,
      "is_active": true,
      "created": "2018-12-06T22:22:24Z",
      "updated": "2018-12-06T22:22:24Z"
   }
},
{
   "model": "products.productimage",
   "pk": 13,
   "fields": {
      "Product": 13,
      "image": "products_images/kv_23.jpg",
      "is_main": true,
      "is_active": true,
      "created": "2018-12-06T22:22:49Z",
      "updated": "2018-12-06T22:22:49Z"
   }
},
{
   "model": "products.productimage",
   "pk": 14,
   "fields": {
      "Product": 14,
      "image": "products_images/kv_24.jpg",
      "is_main": true,
      "is_active": true,
      "created": "2018-12-06T22:23:31Z",
      "updated": "2018-12-06T22:23:31Z"
   }
},
{
   "model": "products.productimage",
   "pk": 15,
   "fields": {
      "Product": 15,
      "image": "products_images/kv_25.jpg",
      "is_main": true,
      "is_active": true,
      "created": "2018-12-06T22:23:57Z",
      "updated": "2018-12-06T22:23:57Z"
   }
},
{
   "model": "products.productimage",
   "pk": 16,
   "fields": {
      "Product": 16,
      "image": "products_images/kv_27.jpg",
      "is_main": true,
      "is_active": true,
      "created": "2018-12-06T22:24:13Z",
      "updated": "2018-12-06T22:24:13Z"
   }
},
{
   "model": "products.productimage",
   "pk": 17,
   "fields": {
      "Product": 17,
      "image": "products_images/kv_28.jpg",
      "is_main": true,
      "is_active": true,
      "created": "2018-12-06T22:24:56Z",
      "updated": "2018-12-06T22:24:56Z"
   }
},
{
   "model": "products.productimage",
   "pk": 18,
   "fields": {
      "Product": 18,
      "image": "products_images/kv_29.jpg",
      "is_main": true,
      "is_active": true,
      "created": "2018-12-06T22:25:20Z",
      "updated": "2018-12-06T22:25:20Z"
   }
},
{
   "model": "products.productimage",
   "pk": 19,
   "fields": {
      "Product": 19,
      "image": "products_images/kv_31.jpg",
      "is_main": true,
      "is_active": true,
      "created": "2018-12-06T22:25:47Z",
      "updated": "2018-12-06T22:25:47Z"
   }
},
{
   "model": "products.productimage",
   "pk": 20,
   "fields": {
      "Product": 20,
      "image": "products_images/kv_32.jpg",
      "is_main": true,
      "is_active": true,
      "created": "2018-12-06T22:26:16Z",
      "updated": "2018-12-06T22:26:16Z"
   }
},
{
   "model": "products.productimage",
   "pk": 21,
   "fields": {
      "Product": 21,
      "image": "products_images/kv_33.jpg",
      "is_main": true,
      "is_active": true,
      "created": "2018-12-06T22:26:33Z",
      "updated": "2018-12-06T22:26:33Z"
   }
},
{
   "model": "products.productimage",
   "pk": 22,
   "fields": {
      "Product": 22,
      "image": "products_images/kv_4.jpg",
      "is_main": true,
      "is_active": true,
      "created": "2018-12-08T10:36:17Z",
      "updated": "2018-12-08T10:36:17Z"
   }
},
{
   "model": "products.productimage",
   "pk": 23,
   "fields": {
      "Product": 23,
      "image": "products_images/kv_8.jpg",
      "is_main": true,
      "is_active": true,
      "created": "2018-12-08T10:37:09Z",
      "updated": "2018-12-08T10:37:09Z"
   }
},
{
   "model": "products.productimage",
   "pk": 24,
   "fields": {
      "Product": 24,
      "image": "products_images/kv_12.jpg",
      "is_main": true,
      "is_active": true,
      "created": "2018-12-08T10:37:43Z",
      "updated": "2018-12-08T10:37:43Z"
   }
},
{
   "model": "products.productimage",
   "pk": 25,
   "fields": {
      "Product": 25,
      "image": "products_images/kv_13.jpg",
      "is_main": true,
      "is_active": true,
      "created": "2018-12-08T10:38:10Z",
      "updated": "2018-12-08T10:38:10Z"
   }
},
{
   "model": "products.productimage",
   "pk": 26,
   "fields": {
      "Product": 26,
      "image": "products_images/kv_15.jpg",
      "is_main": true,
      "is_active": true,
      "created": "2018-12-08T10:38:40Z",
      "updated": "2018-12-08T10:38:40Z"
   }
},
{
   "model": "products.productimage",
   "pk": 27,
   "fields": {
      "Product": 27,
      "image": "products_images/kv_16.jpg",
      "is_main": true,
      "is_active": true,
      "created": "2018-12-08T10:38:55Z",
      "updated": "2018-12-08T10:38:55Z"
   }
},
{
   "model": "products.productimage",
   "pk": 28,
   "fields": {
      "Product": 28,
      "image": "products_images/kv_18.jpg",
      "is_main": true,
      "is_active": true,
      "created": "2018-12-08T10:39:29Z",
      "updated": "2018-12-08T10:39:29Z"
   }
},
{
   "model": "products.productimage",
   "pk": 29,
   "fields": {
      "Product": 29,
      "image": "products_images/kv_19.jpg",
      "is_main": true,
      "is_active": true,
      "created": "2018-12-08T10:39:55Z",
      "updated": "2018-12-08T10:39:55Z"
   }
},
{
   "model": "products.productimage",
   "pk": 30,
   "fields": {
      "Product": 30,
      "image": "products_images/kv_21.jpg",
      "is_main": true,
      "is_active": true,
      "created": "2018-12-08T10:40:34Z",
      "updated": "2018-12-08T10:40:34Z"
   }
},
{
   "model": "products.productimage",
   "pk": 31,
   "fields": {
      "Product": 31,
      "image": "products_images/kv_22.jpg",
      "is_main": true,
      "is_active": true,
      "created": "2018-12-08T10:41:00Z",
      "updated": "2018-12-08T10:41:00Z"
   }
},
{
   "model": "products.productimage",
   "pk": 32,
   "fields": {
      "Product": 32,
      "image": "products_images/kv_26.jpg",
      "is_main": true,
      "is_active": true,
      "created": "2018-12-08T10:41:31Z",
      "updated": "2018-12-08T10:41:31Z"
   }
},
{
   "model": "products.productimage",
   "pk": 33,
   "fields": {
      "Product": 33,
      "image": "products_images/kv_30.jpg",
      "is_main": true,
      "is_active": true,
      "created": "2018-12-08T10:41:54Z",
      "updated": "2018-12-08T10:41:54Z"
   }
},
{
   "model": "auth.permission",
   "pk": 1,
   "fields": {
      "name": "Can add log entry",
      "content_type": 1,
      "codename": "add_logentry"
   }
},
{
   "model": "auth.permission",
   "pk": 2,
   "fields": {
      "name": "Can change log entry",
      "content_type": 1,
      "codename": "change_logentry"
   }
},
{
   "model": "auth.permission",
   "pk": 3,
   "fields": {
      "name": "Can delete log entry",
      "content_type": 1,
      "codename": "delete_logentry"
   }
},
{
   "model": "auth.permission",
   "pk": 4,
   "fields": {
      "name": "Can view log entry",
      "content_type": 1,
      "codename": "view_logentry"
   }
},
{
   "model": "auth.permission",
   "pk": 5,
   "fields": {
      "name": "Can add permission",
      "content_type": 2,
      "codename": "add_permission"
   }
},
{
   "model": "auth.permission",
   "pk": 6,
   "fields": {
      "name": "Can change permission",
      "content_type": 2,
      "codename": "change_permission"
   }
},
{
   "model": "auth.permission",
   "pk": 7,
   "fields": {
      "name": "Can delete permission",
      "content_type": 2,
      "codename": "delete_permission"
   }
},
{
   "model": "auth.permission",
   "pk": 8,
   "fields": {
      "name": "Can view permission",
      "content_type": 2,
      "codename": "view_permission"
   }
},
{
   "model": "auth.permission",
   "pk": 9,
   "fields": {
      "name": "Can add group",
      "content_type": 3,
      "codename": "add_group"
   }
},
{
   "model": "auth.permission",
   "pk": 10,
   "fields": {
      "name": "Can change group",
      "content_type": 3,
      "codename": "change_group"
   }
},
{
   "model": "auth.permission",
   "pk": 11,
   "fields": {
      "name": "Can delete group",
      "content_type": 3,
      "codename": "delete_group"
   }
},
{
   "model": "auth.permission",
   "pk": 12,
   "fields": {
      "name": "Can view group",
      "content_type": 3,
      "codename": "view_group"
   }
},
{
   "model": "auth.permission",
   "pk": 13,
   "fields": {
      "name": "Can add user",
      "content_type": 4,
      "codename": "add_user"
   }
},
{
   "model": "auth.permission",
   "pk": 14,
   "fields": {
      "name": "Can change user",
      "content_type": 4,
      "codename": "change_user"
   }
},
{
   "model": "auth.permission",
   "pk": 15,
   "fields": {
      "name": "Can delete user",
      "content_type": 4,
      "codename": "delete_user"
   }
},
{
   "model": "auth.permission",
   "pk": 16,
   "fields": {
      "name": "Can view user",
      "content_type": 4,
      "codename": "view_user"
   }
},
{
   "model": "auth.permission",
   "pk": 17,
   "fields": {
      "name": "Can add content type",
      "content_type": 5,
      "codename": "add_contenttype"
   }
},
{
   "model": "auth.permission",
   "pk": 18,
   "fields": {
      "name": "Can change content type",
      "content_type": 5,
      "codename": "change_contenttype"
   }
},
{
   "model": "auth.permission",
   "pk": 19,
   "fields": {
      "name": "Can delete content type",
      "content_type": 5,
      "codename": "delete_contenttype"
   }
},
{
   "model": "auth.permission",
   "pk": 20,
   "fields": {
      "name": "Can view content type",
      "content_type": 5,
      "codename": "view_contenttype"
   }
},
{
   "model": "auth.permission",
   "pk": 21,
   "fields": {
      "name": "Can add session",
      "content_type": 6,
      "codename": "add_session"
   }
},
{
   "model": "auth.permission",
   "pk": 22,
   "fields": {
      "name": "Can change session",
      "content_type": 6,
      "codename": "change_session"
   }
},
{
   "model": "auth.permission",
   "pk": 23,
   "fields": {
      "name": "Can delete session",
      "content_type": 6,
      "codename": "delete_session"
   }
},
{
   "model": "auth.permission",
   "pk": 24,
   "fields": {
      "name": "Can view session",
      "content_type": 6,
      "codename": "view_session"
   }
},
{
   "model": "auth.permission",
   "pk": 25,
   "fields": {
      "name": "Can add Subscriber",
      "content_type": 7,
      "codename": "add_subscriber"
   }
},
{
   "model": "auth.permission",
   "pk": 26,
   "fields": {
      "name": "Can change Subscriber",
      "content_type": 7,
      "codename": "change_subscriber"
   }
},
{
   "model": "auth.permission",
   "pk": 27,
   "fields": {
      "name": "Can delete Subscriber",
      "content_type": 7,
      "codename": "delete_subscriber"
   }
},
{
   "model": "auth.permission",
   "pk": 28,
   "fields": {
      "name": "Can view Subscriber",
      "content_type": 7,
      "codename": "view_subscriber"
   }
},
{
   "model": "auth.permission",
   "pk": 29,
   "fields": {
      "name": "Can add \u0424\u043e\u0442\u043e\u0433\u0440\u0430\u0444\u0438\u044f",
      "content_type": 8,
      "codename": "add_productimage"
   }
},
{
   "model": "auth.permission",
   "pk": 30,
   "fields": {
      "name": "Can change \u0424\u043e\u0442\u043e\u0433\u0440\u0430\u0444\u0438\u044f",
      "content_type": 8,
      "codename": "change_productimage"
   }
},
{
   "model": "auth.permission",
   "pk": 31,
   "fields": {
      "name": "Can delete \u0424\u043e\u0442\u043e\u0433\u0440\u0430\u0444\u0438\u044f",
      "content_type": 8,
      "codename": "delete_productimage"
   }
},
{
   "model": "auth.permission",
   "pk": 32,
   "fields": {
      "name": "Can view \u0424\u043e\u0442\u043e\u0433\u0440\u0430\u0444\u0438\u044f",
      "content_type": 8,
      "codename": "view_productimage"
   }
},
{
   "model": "auth.permission",
   "pk": 33,
   "fields": {
      "name": "Can add \u041a\u0432\u0430\u0440\u0442\u0438\u0440\u0430",
      "content_type": 9,
      "codename": "add_product"
   }
},
{
   "model": "auth.permission",
   "pk": 34,
   "fields": {
      "name": "Can change \u041a\u0432\u0430\u0440\u0442\u0438\u0440\u0430",
      "content_type": 9,
      "codename": "change_product"
   }
},
{
   "model": "auth.permission",
   "pk": 35,
   "fields": {
      "name": "Can delete \u041a\u0432\u0430\u0440\u0442\u0438\u0440\u0430",
      "content_type": 9,
      "codename": "delete_product"
   }
},
{
   "model": "auth.permission",
   "pk": 36,
   "fields": {
      "name": "Can view \u041a\u0432\u0430\u0440\u0442\u0438\u0440\u0430",
      "content_type": 9,
      "codename": "view_product"
   }
},
{
   "model": "auth.permission",
   "pk": 37,
   "fields": {
      "name": "Can add \u041a\u043e\u043b\u0438\u0447\u0435\u0441\u0442\u0432\u043e \u043a\u043e\u043c\u043d\u0430\u0442 \u0432 \u043a\u0432\u0430\u0440\u0442\u0438\u0440\u0435",
      "content_type": 10,
      "codename": "add_productcategory"
   }
},
{
   "model": "auth.permission",
   "pk": 38,
   "fields": {
      "name": "Can change \u041a\u043e\u043b\u0438\u0447\u0435\u0441\u0442\u0432\u043e \u043a\u043e\u043c\u043d\u0430\u0442 \u0432 \u043a\u0432\u0430\u0440\u0442\u0438\u0440\u0435",
      "content_type": 10,
      "codename": "change_productcategory"
   }
},
{
   "model": "auth.permission",
   "pk": 39,
   "fields": {
      "name": "Can delete \u041a\u043e\u043b\u0438\u0447\u0435\u0441\u0442\u0432\u043e \u043a\u043e\u043c\u043d\u0430\u0442 \u0432 \u043a\u0432\u0430\u0440\u0442\u0438\u0440\u0435",
      "content_type": 10,
      "codename": "delete_productcategory"
   }
},
{
   "model": "auth.permission",
   "pk": 40,
   "fields": {
      "name": "Can view \u041a\u043e\u043b\u0438\u0447\u0435\u0441\u0442\u0432\u043e \u043a\u043e\u043c\u043d\u0430\u0442 \u0432 \u043a\u0432\u0430\u0440\u0442\u0438\u0440\u0435",
      "content_type": 10,
      "codename": "view_productcategory"
   }
},
{
   "model": "auth.user",
   "pk": 1,
   "fields": {
      "password": "pbkdf2_sha256$120000$Ma0dK2Bhi0d6$otgpjW0FoRk98DQAZuMzwMg6VN1MZD7dsXB66dI5O1Y=",
      "last_login": "2019-03-11T12:26:23.799Z",
      "is_superuser": true,
      "username": "admin",
      "first_name": "",
      "last_name": "",
      "email": "aspirpd@gmail.com",
      "is_staff": true,
      "is_active": true,
      "date_joined": "2018-11-30T12:01:08.260Z",
      "groups": [],
      "user_permissions": []
   }
},
{
   "model": "admin.logentry",
   "pk": 1,
   "fields": {
      "action_time": "2018-12-06T18:30:22.107Z",
      "user": 1,
      "content_type": 10,
      "object_id": "1",
      "object_repr": "\u0414\u0432\u0443\u0445\u043a\u043e\u043c\u043d\u0430\u0442\u043d\u0430\u044f \u043a\u0432\u0430\u0440\u0442\u0438\u0440\u0430",
      "action_flag": 1,
      "change_message": "[{\"added\": {}}]"
   }
},
{
   "model": "admin.logentry",
   "pk": 2,
   "fields": {
      "action_time": "2018-12-06T18:32:10.430Z",
      "user": 1,
      "content_type": 9,
      "object_id": "1",
      "object_repr": "\u041a\u0432\u0430\u0440\u0442\u0438\u0440\u0430 \u21161",
      "action_flag": 1,
      "change_message": "[{\"added\": {}}, {\"added\": {\"name\": \"\\u0424\\u043e\\u0442\\u043e\\u0433\\u0440\\u0430\\u0444\\u0438\\u044f\", \"object\": \"1\"}}]"
   }
},
{
   "model": "admin.logentry",
   "pk": 3,
   "fields": {
      "action_time": "2018-12-06T18:32:54.564Z",
      "user": 1,
      "content_type": 9,
      "object_id": "2",
      "object_repr": "\u041a\u0432\u0430\u0440\u0442\u0438\u0440\u0430 \u21162",
      "action_flag": 1,
      "change_message": "[{\"added\": {}}, {\"added\": {\"name\": \"\\u0424\\u043e\\u0442\\u043e\\u0433\\u0440\\u0430\\u0444\\u0438\\u044f\", \"object\": \"2\"}}]"
   }
},
{
   "model": "admin.logentry",
   "pk": 4,
   "fields": {
      "action_time": "2018-12-06T18:33:23.332Z",
      "user": 1,
      "content_type": 9,
      "object_id": "3",
      "object_repr": "True",
      "action_flag": 1,
      "change_message": "[{\"added\": {}}, {\"added\": {\"name\": \"\\u0424\\u043e\\u0442\\u043e\\u0433\\u0440\\u0430\\u0444\\u0438\\u044f\", \"object\": \"3\"}}]"
   }
},
{
   "model": "admin.logentry",
   "pk": 5,
   "fields": {
      "action_time": "2018-12-06T18:33:28.447Z",
      "user": 1,
      "content_type": 9,
      "object_id": "2",
      "object_repr": "\u041a\u0432\u0430\u0440\u0442\u0438\u0440\u0430 \u21162",
      "action_flag": 2,
      "change_message": "[{\"changed\": {\"name\": \"\\u0424\\u043e\\u0442\\u043e\\u0433\\u0440\\u0430\\u0444\\u0438\\u044f\", \"object\": \"2\", \"fields\": [\"is_main\"]}}]"
   }
},
{
   "model": "admin.logentry",
   "pk": 6,
   "fields": {
      "action_time": "2018-12-06T18:33:47.615Z",
      "user": 1,
      "content_type": 9,
      "object_id": "3",
      "object_repr": "\u041a\u0432\u0430\u0440\u0442\u0438\u0440\u0430 \u21163",
      "action_flag": 2,
      "change_message": "[{\"changed\": {\"fields\": [\"name\"]}}]"
   }
},
{
   "model": "admin.logentry",
   "pk": 7,
   "fields": {
      "action_time": "2018-12-06T22:18:03.167Z",
      "user": 1,
      "content_type": 9,
      "object_id": "4",
      "object_repr": "\u041a\u0432\u0430\u0440\u0442\u0438\u0440\u0430 \u21165",
      "action_flag": 1,
      "change_message": "[{\"added\": {}}, {\"added\": {\"name\": \"\\u0424\\u043e\\u0442\\u043e\\u0433\\u0440\\u0430\\u0444\\u0438\\u044f\", \"object\": \"4\"}}]"
   }
},
{
   "model": "admin.logentry",
   "pk": 8,
   "fields": {
      "action_time": "2018-12-06T22:18:32.528Z",
      "user": 1,
      "content_type": 9,
      "object_id": "5",
      "object_repr": "\u041a\u0432\u0430\u0440\u0442\u0438\u0440\u0430 \u21166",
      "action_flag": 1,
      "change_message": "[{\"added\": {}}, {\"added\": {\"name\": \"\\u0424\\u043e\\u0442\\u043e\\u0433\\u0440\\u0430\\u0444\\u0438\\u044f\", \"object\": \"5\"}}]"
   }
},
{
   "model": "admin.logentry",
   "pk": 9,
   "fields": {
      "action_time": "2018-12-06T22:19:00.874Z",
      "user": 1,
      "content_type": 9,
      "object_id": "6",
      "object_repr": "\u041a\u0432\u0430\u0440\u0442\u0438\u0440\u0430 \u21167",
      "action_flag": 1,
      "change_message": "[{\"added\": {}}, {\"added\": {\"name\": \"\\u0424\\u043e\\u0442\\u043e\\u0433\\u0440\\u0430\\u0444\\u0438\\u044f\", \"object\": \"6\"}}]"
   }
},
{
   "model": "admin.logentry",
   "pk": 10,
   "fields": {
      "action_time": "2018-12-06T22:19:32.071Z",
      "user": 1,
      "content_type": 9,
      "object_id": "7",
      "object_repr": "\u041a\u0432\u0430\u0440\u0442\u0438\u0440\u0430 \u21169",
      "action_flag": 1,
      "change_message": "[{\"added\": {}}, {\"added\": {\"name\": \"\\u0424\\u043e\\u0442\\u043e\\u0433\\u0440\\u0430\\u0444\\u0438\\u044f\", \"object\": \"7\"}}]"
   }
},
{
   "model": "admin.logentry",
   "pk": 11,
   "fields": {
      "action_time": "2018-12-06T22:20:02.355Z",
      "user": 1,
      "content_type": 9,
      "object_id": "8",
      "object_repr": "\u041a\u0432\u0430\u0440\u0442\u0438\u0440\u0430 \u211610",
      "action_flag": 1,
      "change_message": "[{\"added\": {}}, {\"added\": {\"name\": \"\\u0424\\u043e\\u0442\\u043e\\u0433\\u0440\\u0430\\u0444\\u0438\\u044f\", \"object\": \"8\"}}]"
   }
},
{
   "model": "admin.logentry",
   "pk": 12,
   "fields": {
      "action_time": "2018-12-06T22:21:16.734Z",
      "user": 1,
      "content_type": 9,
      "object_id": "9",
      "object_repr": "\u041a\u0432\u0430\u0440\u0442\u0438\u0440\u0430 \u211611",
      "action_flag": 1,
      "change_message": "[{\"added\": {}}, {\"added\": {\"name\": \"\\u0424\\u043e\\u0442\\u043e\\u0433\\u0440\\u0430\\u0444\\u0438\\u044f\", \"object\": \"9\"}}]"
   }
},
{
   "model": "admin.logentry",
   "pk": 13,
   "fields": {
      "action_time": "2018-12-06T22:21:41.078Z",
      "user": 1,
      "content_type": 9,
      "object_id": "10",
      "object_repr": "\u041a\u0432\u0430\u0440\u0442\u0438\u0440\u0430 \u211614",
      "action_flag": 1,
      "change_message": "[{\"added\": {}}, {\"added\": {\"name\": \"\\u0424\\u043e\\u0442\\u043e\\u0433\\u0440\\u0430\\u0444\\u0438\\u044f\", \"object\": \"10\"}}]"
   }
},
{
   "model": "admin.logentry",
   "pk": 14,
   "fields": {
      "action_time": "2018-12-06T22:22:11.196Z",
      "user": 1,
      "content_type": 9,
      "object_id": "11",
      "object_repr": "\u041a\u0432\u0430\u0440\u0442\u0438\u0440\u0430 \u211617",
      "action_flag": 1,
      "change_message": "[{\"added\": {}}, {\"added\": {\"name\": \"\\u0424\\u043e\\u0442\\u043e\\u0433\\u0440\\u0430\\u0444\\u0438\\u044f\", \"object\": \"11\"}}]"
   }
},
{
   "model": "admin.logentry",
   "pk": 15,
   "fields": {
      "action_time": "2018-12-06T22:22:44.448Z",
      "user": 1,
      "content_type": 9,
      "object_id": "12",
      "object_repr": "\u041a\u0432\u0430\u0440\u0442\u0438\u0440\u0430 \u211620",
      "action_flag": 1,
      "change_message": "[{\"added\": {}}, {\"added\": {\"name\": \"\\u0424\\u043e\\u0442\\u043e\\u0433\\u0440\\u0430\\u0444\\u0438\\u044f\", \"object\": \"12\"}}]"
   }
},
{
   "model": "admin.logentry",
   "pk": 16,
   "fields": {
      "action_time": "2018-12-06T22:23:19.751Z",
      "user": 1,
      "content_type": 9,
      "object_id": "13",
      "object_repr": "\u041a\u0432\u0430\u0440\u0442\u0438\u0440\u0430 \u211623",
      "action_flag": 1,
      "change_message": "[{\"added\": {}}, {\"added\": {\"name\": \"\\u0424\\u043e\\u0442\\u043e\\u0433\\u0440\\u0430\\u0444\\u0438\\u044f\", \"object\": \"13\"}}]"
   }
},
{
   "model": "admin.logentry",
   "pk": 17,
   "fields": {
      "action_time": "2018-12-06T22:23:45.135Z",
      "user": 1,
      "content_type": 9,
      "object_id": "14",
      "object_repr": "\u041a\u0432\u0430\u0440\u0442\u0438\u0440\u0443 \u211624",
      "action_flag": 1,
      "change_message": "[{\"added\": {}}, {\"added\": {\"name\": \"\\u0424\\u043e\\u0442\\u043e\\u0433\\u0440\\u0430\\u0444\\u0438\\u044f\", \"object\": \"14\"}}]"
   }
},
{
   "model": "admin.logentry",
   "pk": 18,
   "fields": {
      "action_time": "2018-12-06T22:24:10.505Z",
      "user": 1,
      "content_type": 9,
      "object_id": "15",
      "object_repr": "\u041a\u0432\u0430\u0440\u0442\u0438\u0440\u0430 \u211625",
      "action_flag": 1,
      "change_message": "[{\"added\": {}}, {\"added\": {\"name\": \"\\u0424\\u043e\\u0442\\u043e\\u0433\\u0440\\u0430\\u0444\\u0438\\u044f\", \"object\": \"15\"}}]"
   }
},
{
   "model": "admin.logentry",
   "pk": 19,
   "fields": {
      "action_time": "2018-12-06T22:24:39.318Z",
      "user": 1,
      "content_type": 9,
      "object_id": "16",
      "object_repr": "\u041a\u0432\u0430\u0440\u0442\u0438\u0440\u0430 \u211627",
      "action_flag": 1,
      "change_message": "[{\"added\": {}}, {\"added\": {\"name\": \"\\u0424\\u043e\\u0442\\u043e\\u0433\\u0440\\u0430\\u0444\\u0438\\u044f\", \"object\": \"16\"}}]"
   }
},
{
   "model": "admin.logentry",
   "pk": 20,
   "fields": {
      "action_time": "2018-12-06T22:25:09.121Z",
      "user": 1,
      "content_type": 9,
      "object_id": "17",
      "object_repr": "\u041a\u0432\u0430\u0440\u0442\u0438\u0440\u0430 \u211628",
      "action_flag": 1,
      "change_message": "[{\"added\": {}}, {\"added\": {\"name\": \"\\u0424\\u043e\\u0442\\u043e\\u0433\\u0440\\u0430\\u0444\\u0438\\u044f\", \"object\": \"17\"}}]"
   }
},
{
   "model": "admin.logentry",
   "pk": 21,
   "fields": {
      "action_time": "2018-12-06T22:25:36.612Z",
      "user": 1,
      "content_type": 9,
      "object_id": "18",
      "object_repr": "\u041a\u0432\u0430\u0440\u0442\u0438\u0440\u0430 \u211629",
      "action_flag": 1,
      "change_message": "[{\"added\": {}}, {\"added\": {\"name\": \"\\u0424\\u043e\\u0442\\u043e\\u0433\\u0440\\u0430\\u0444\\u0438\\u044f\", \"object\": \"18\"}}]"
   }
},
{
   "model": "admin.logentry",
   "pk": 22,
   "fields": {
      "action_time": "2018-12-06T22:26:04.329Z",
      "user": 1,
      "content_type": 9,
      "object_id": "19",
      "object_repr": "\u041a\u0432\u0430\u0440\u0442\u0438\u0440\u0430 \u211631",
      "action_flag": 1,
      "change_message": "[{\"added\": {}}, {\"added\": {\"name\": \"\\u0424\\u043e\\u0442\\u043e\\u0433\\u0440\\u0430\\u0444\\u0438\\u044f\", \"object\": \"19\"}}]"
   }
},
{
   "model": "admin.logentry",
   "pk": 23,
   "fields": {
      "action_time": "2018-12-06T22:26:31.536Z",
      "user": 1,
      "content_type": 9,
      "object_id": "20",
      "object_repr": "\u041a\u0432\u0430\u0440\u0442\u0438\u0440\u0430 \u211632",
      "action_flag": 1,
      "change_message": "[{\"added\": {}}, {\"added\": {\"name\": \"\\u0424\\u043e\\u0442\\u043e\\u0433\\u0440\\u0430\\u0444\\u0438\\u044f\", \"object\": \"20\"}}]"
   }
},
{
   "model": "admin.logentry",
   "pk": 24,
   "fields": {
      "action_time": "2018-12-06T22:27:07.282Z",
      "user": 1,
      "content_type": 9,
      "object_id": "21",
      "object_repr": "\u041a\u0432\u0430\u0440\u0442\u0438\u0440\u0430 \u211633",
      "action_flag": 1,
      "change_message": "[{\"added\": {}}, {\"added\": {\"name\": \"\\u0424\\u043e\\u0442\\u043e\\u0433\\u0440\\u0430\\u0444\\u0438\\u044f\", \"object\": \"21\"}}]"
   }
},
{
   "model": "admin.logentry",
   "pk": 25,
   "fields": {
      "action_time": "2018-12-08T10:36:33.863Z",
      "user": 1,
      "content_type": 10,
      "object_id": "2",
      "object_repr": "\u0422\u0440\u0435\u0445\u043a\u043e\u043c\u043d\u0430\u0442\u043d\u0430\u044f",
      "action_flag": 1,
      "change_message": "[{\"added\": {}}]"
   }
},
{
   "model": "admin.logentry",
   "pk": 26,
   "fields": {
      "action_time": "2018-12-08T10:36:41.010Z",
      "user": 1,
      "content_type": 10,
      "object_id": "2",
      "object_repr": "\u0422\u0440\u0435\u0445\u043a\u043e\u043c\u043d\u0430\u0442\u043d\u0430\u044f \u043a\u0432\u0430\u0440\u0442\u0438\u0440\u0430",
      "action_flag": 2,
      "change_message": "[{\"changed\": {\"fields\": [\"name\"]}}]"
   }
},
{
   "model": "admin.logentry",
   "pk": 27,
   "fields": {
      "action_time": "2018-12-08T10:37:05.377Z",
      "user": 1,
      "content_type": 9,
      "object_id": "22",
      "object_repr": "\u041a\u0432\u0430\u0440\u0442\u0438\u0440\u0430 \u21164",
      "action_flag": 1,
      "change_message": "[{\"added\": {}}, {\"added\": {\"name\": \"\\u0424\\u043e\\u0442\\u043e\\u0433\\u0440\\u0430\\u0444\\u0438\\u044f\", \"object\": \"22\"}}]"
   }
},
{
   "model": "admin.logentry",
   "pk": 28,
   "fields": {
      "action_time": "2018-12-08T10:37:32.339Z",
      "user": 1,
      "content_type": 9,
      "object_id": "23",
      "object_repr": "\u041a\u0432\u0430\u0440\u0442\u0438\u0440\u0430 \u21168",
      "action_flag": 1,
      "change_message": "[{\"added\": {}}, {\"added\": {\"name\": \"\\u0424\\u043e\\u0442\\u043e\\u0433\\u0440\\u0430\\u0444\\u0438\\u044f\", \"object\": \"23\"}}]"
   }
},
{
   "model": "admin.logentry",
   "pk": 29,
   "fields": {
      "action_time": "2018-12-08T10:37:58.213Z",
      "user": 1,
      "content_type": 9,
      "object_id": "24",
      "object_repr": "\u041a\u0432\u0430\u0440\u0442\u0438\u0440\u0430 \u211612",
      "action_flag": 1,
      "change_message": "[{\"added\": {}}, {\"added\": {\"name\": \"\\u0424\\u043e\\u0442\\u043e\\u0433\\u0440\\u0430\\u0444\\u0438\\u044f\", \"object\": \"24\"}}]"
   }
},
{
   "model": "admin.logentry",
   "pk": 30,
   "fields": {
      "action_time": "2018-12-08T10:38:22.812Z",
      "user": 1,
      "content_type": 9,
      "object_id": "25",
      "object_repr": "\u041a\u0432\u0430\u0440\u0442\u0438\u0440\u0430 \u211613",
      "action_flag": 1,
      "change_message": "[{\"added\": {}}, {\"added\": {\"name\": \"\\u0424\\u043e\\u0442\\u043e\\u0433\\u0440\\u0430\\u0444\\u0438\\u044f\", \"object\": \"25\"}}]"
   }
},
{
   "model": "admin.logentry",
   "pk": 31,
   "fields": {
      "action_time": "2018-12-08T10:38:30.355Z",
      "user": 1,
      "content_type": 9,
      "object_id": "25",
      "object_repr": "\u041a\u0432\u0430\u0440\u0442\u0438\u0440\u0430 \u211613",
      "action_flag": 2,
      "change_message": "[{\"changed\": {\"fields\": [\"category\"]}}]"
   }
},
{
   "model": "admin.logentry",
   "pk": 32,
   "fields": {
      "action_time": "2018-12-08T10:38:53.536Z",
      "user": 1,
      "content_type": 9,
      "object_id": "26",
      "object_repr": "\u041a\u0432\u0430\u0440\u0442\u0438\u0440\u0430 \u211615",
      "action_flag": 1,
      "change_message": "[{\"added\": {}}, {\"added\": {\"name\": \"\\u0424\\u043e\\u0442\\u043e\\u0433\\u0440\\u0430\\u0444\\u0438\\u044f\", \"object\": \"26\"}}]"
   }
},
{
   "model": "admin.logentry",
   "pk": 33,
   "fields": {
      "action_time": "2018-12-08T10:39:18.575Z",
      "user": 1,
      "content_type": 9,
      "object_id": "27",
      "object_repr": "\u041a\u0432\u0430\u0440\u0442\u0438\u0440\u0430 \u211616",
      "action_flag": 1,
      "change_message": "[{\"added\": {}}, {\"added\": {\"name\": \"\\u0424\\u043e\\u0442\\u043e\\u0433\\u0440\\u0430\\u0444\\u0438\\u044f\", \"object\": \"27\"}}]"
   }
},
{
   "model": "admin.logentry",
   "pk": 34,
   "fields": {
      "action_time": "2018-12-08T10:39:43.668Z",
      "user": 1,
      "content_type": 9,
      "object_id": "28",
      "object_repr": "\u041a\u0432\u0430\u0440\u0442\u0438\u0440\u0430 \u211618",
      "action_flag": 1,
      "change_message": "[{\"added\": {}}, {\"added\": {\"name\": \"\\u0424\\u043e\\u0442\\u043e\\u0433\\u0440\\u0430\\u0444\\u0438\\u044f\", \"object\": \"28\"}}]"
   }
},
{
   "model": "admin.logentry",
   "pk": 35,
   "fields": {
      "action_time": "2018-12-08T10:40:25.646Z",
      "user": 1,
      "content_type": 9,
      "object_id": "29",
      "object_repr": "\u041a\u0432\u0430\u0440\u0442\u0438\u0440\u0430 \u211619",
      "action_flag": 1,
      "change_message": "[{\"added\": {}}, {\"added\": {\"name\": \"\\u0424\\u043e\\u0442\\u043e\\u0433\\u0440\\u0430\\u0444\\u0438\\u044f\", \"object\": \"29\"}}]"
   }
},
{
   "model": "admin.logentry",
   "pk": 36,
   "fields": {
      "action_time": "2018-12-08T10:40:30.909Z",
      "user": 1,
      "content_type": 9,
      "object_id": "29",
      "object_repr": "\u041a\u0432\u0430\u0440\u0442\u0438\u0440\u0430 \u211619",
      "action_flag": 2,
      "change_message": "[{\"changed\": {\"name\": \"\\u0424\\u043e\\u0442\\u043e\\u0433\\u0440\\u0430\\u0444\\u0438\\u044f\", \"object\": \"29\", \"fields\": [\"is_main\"]}}]"
   }
},
{
   "model": "admin.logentry",
   "pk": 37,
   "fields": {
      "action_time": "2018-12-08T10:40:55.636Z",
      "user": 1,
      "content_type": 9,
      "object_id": "30",
      "object_repr": "\u041a\u0432\u0430\u0440\u0442\u0438\u0440\u0430 \u211621",
      "action_flag": 1,
      "change_message": "[{\"added\": {}}, {\"added\": {\"name\": \"\\u0424\\u043e\\u0442\\u043e\\u0433\\u0440\\u0430\\u0444\\u0438\\u044f\", \"object\": \"30\"}}]"
   }
},
{
   "model": "admin.logentry",
   "pk": 38,
   "fields": {
      "action_time": "2018-12-08T10:41:21.761Z",
      "user": 1,
      "content_type": 9,
      "object_id": "31",
      "object_repr": "\u041a\u0432\u0430\u0440\u0442\u0438\u0440\u0430 \u211622",
      "action_flag": 1,
      "change_message": "[{\"added\": {}}, {\"added\": {\"name\": \"\\u0424\\u043e\\u0442\\u043e\\u0433\\u0440\\u0430\\u0444\\u0438\\u044f\", \"object\": \"31\"}}]"
   }
},
{
   "model": "admin.logentry",
   "pk": 39,
   "fields": {
      "action_time": "2018-12-08T10:41:45.724Z",
      "user": 1,
      "content_type": 9,
      "object_id": "32",
      "object_repr": "\u041a\u0432\u0430\u0440\u0442\u0438\u0440\u0430 \u211626",
      "action_flag": 1,
      "change_message": "[{\"added\": {}}, {\"added\": {\"name\": \"\\u0424\\u043e\\u0442\\u043e\\u0433\\u0440\\u0430\\u0444\\u0438\\u044f\", \"object\": \"32\"}}]"
   }
},
{
   "model": "admin.logentry",
   "pk": 40,
   "fields": {
      "action_time": "2018-12-08T10:42:09.973Z",
      "user": 1,
      "content_type": 9,
      "object_id": "33",
      "object_repr": "\u041a\u0432\u0430\u0440\u0442\u0438\u0440\u0430 \u211630",
      "action_flag": 1,
      "change_message": "[{\"added\": {}}, {\"added\": {\"name\": \"\\u0424\\u043e\\u0442\\u043e\\u0433\\u0440\\u0430\\u0444\\u0438\\u044f\", \"object\": \"33\"}}]"
   }
},
{
   "model": "admin.logentry",
   "pk": 41,
   "fields": {
      "action_time": "2018-12-17T11:24:13.587Z",
      "user": 1,
      "content_type": 9,
      "object_id": "1",
      "object_repr": "\u041a\u0432\u0430\u0440\u0442\u0438\u0440\u0430 \u21161",
      "action_flag": 2,
      "change_message": "[{\"changed\": {\"fields\": [\"description\"]}}]"
   }
},
{
   "model": "admin.logentry",
   "pk": 42,
   "fields": {
      "action_time": "2019-03-12T13:08:53.909Z",
      "user": 1,
      "content_type": 9,
      "object_id": "1",
      "object_repr": "\u041a\u0432\u0430\u0440\u0442\u0438\u0440\u0430 \u21161",
      "action_flag": 2,
      "change_message": "[{\"changed\": {\"fields\": [\"description\"]}}]"
   }
}
]
